AccNo,name,Email,CardNo,ExpDate
100000000000021,"Halee Kapoor",haleekapoor5010@outlook.net,10020,2023-03-07
100000000000042,"Ira Subramani",irasubramani6488@yahoo.org,10041,2023-03-10
100000000000002,"Isaiah Kumar",isaiahkumar@yahoo.org,10001,2023-03-25
100000000000068,"Chandler Sudha",chandlersudha2593@google.com,10067,2023-03-28
100000000000009,"Craig Lal",craiglal5302@outlook.edu,10008,2023-03-30
100000000000026,"Karly Chaudhary",karlychaudhary3338@outlook.com,10025,2023-04-01
100000000000034,"Darrel Mehra",darrelmehra2278@icloud.net,10033,2023-04-04
100000000000078,"Adara Nigam",adaranigam@icloud.org,10077,2023-04-04
100000000000028,"Logan Saini",logansaini@google.net,10027,2023-04-08
100000000000055,"Roth Nagpal",rothnagpal4043@yahoo.net,10054,2023-04-10
100000000000043,"Xaviera Sehgal",xavierasehgal1312@hotmail.net,10042,2023-05-08
100000000000054,"Carolyn Saini",carolynsaini7303@google.net,10053,2023-05-28
100000000000053,"Jessica Sara",jessicasara5368@outlook.org,10052,2023-05-28
100000000000013,"Tucker Mittal",tuckermittal@yahoo.com,10012,2023-06-15
100000000000096,"Charles Lal",charleslal7346@outlook.com,10095,2023-06-18
100000000000001,"Orla Jana",orlajana7733@aol.net,10000,2023-06-27
100000000000006,"Bradley Ganesh",bradleyganesh3530@hotmail.com,10005,2023-07-15
100000000000072,"Dalton Sen",daltonsen@google.com,10071,2023-08-31
100000000000070,"Raymond Swami",raymondswami@google.net,10069,2023-09-01
100000000000061,"Stephanie Lalit",stephanielalit1160@hotmail.edu,10060,2023-09-21
100000000000056,"Hakeem Swami",hakeemswami5564@google.net,10055,2023-09-24
100000000000032,"Chanda Swami",chandaswami@aol.net,10031,2023-09-30
100000000000033,"Cassandra Raman",cassandraraman@yahoo.org,10032,2023-10-11
100000000000029,"Matthew Verma",matthewverma6919@google.edu,10028,2023-10-11
100000000000084,"Dante Sharma",dantesharma@yahoo.org,10083,2023-10-12
100000000000050,"Ainsley Veer",ainsleyveer@hotmail.edu,10049,2023-10-21
100000000000023,"Quinlan Veena",quinlanveena@aol.net,10022,2023-11-01
100000000000010,"Lee Raje",leeraje@aol.net,10009,2023-11-11
100000000000058,"Allen Srini",allensrini455@aol.org,10057,2023-12-04
100000000000031,"Wynne Samuel",wynnesamuel9405@google.edu,10030,2023-12-05
100000000000049,"Dexter Srini",dextersrini3889@icloud.net,10048,2023-12-06
100000000000083,"Kermit Srivastav",kermitsrivastav@google.org,10082,2023-12-09
100000000000027,"Reuben Chandrasekar",reubenchandrasekar@icloud.net,10026,2023-12-20
100000000000100,"Cora Goel",coragoel1950@icloud.org,10099,2023-12-20
